MoleculeId,PredictedProbability
1,0.8833336481974059
2,0.9717728406323447
3,0.6476669779914828
4,0.9221200194621682
5,0.058843610317808506
6,0.5090169337821429
7,0.9049367834916764
8,0.8221303845680604
9,0.9377012731863897
10,0.757637886880315
11,0.3868580546271686
12,0.7132177540648601
13,0.7835148431103134
14,0.4087833586491216
15,0.19684812106405356
16,0.2842056163967286
17,0.25332643576061337
18,0.19207835409860585
19,0.3068790576968993
20,0.8762922400079463
21,0.2675912491408558
22,0.9122902209581121
23,0.778419306746048
24,0.8762622042741344
25,0.9827126564624964
26,0.8521377124071664
27,0.1387648933790949
28,0.062048189191052684
29,0.09772312466561038
30,0.372616666731656
31,0.2328727382645475
32,0.09109320529103371
33,0.7935620208681858
34,0.3568010792544755
35,0.48699215926249917
36,0.9032953517330081
37,0.7671480099354355
38,0.6767827072747278
39,0.9427094785172623
40,0.9899579271625341
41,0.1984609140960952
42,0.0463895685157634
43,0.788619935628896
44,0.8863486235832346
45,0.03338138274976716
46,0.4231514920017269
47,0.8166382595578974
48,0.2934237645685228
49,0.9060734972692046
50,0.6174018507639764
51,0.8697130724458686
52,0.05213859661353275
53,0.8302259404136447
54,0.1132781448359988
55,0.15825398917963224
56,0.7572081067088567
57,0.8978577850844677
58,0.9701503193788554
59,0.9483114036378766
60,0.5013219773083891
61,0.7149471868136715
62,0.8377572885495689
63,0.08799638452528132
64,0.030712716942978526
65,0.2922798622799487
66,0.3005402453460992
67,0.4440863409245261
68,0.07895355613467507
69,0.1356863379613557
70,0.21513327327205972
71,0.8573826258394442
72,0.7628339661762836
73,0.7942955856453748
74,0.9542671436618456
75,0.17438627271193433
76,0.1628518799902506
77,0.945103835055661
78,0.25332124045021753
79,0.9276489644787519
80,0.1789192922713349
81,0.21627207841784118
82,0.29081209619219905
83,0.2217829997610866
84,0.1755436399788313
85,0.43215519698787225
86,0.6770382481789895
87,0.11070426708577429
88,0.7005730556129018
89,0.886583372656695
90,0.23951005619201926
91,0.4518794039771607
92,0.7022993579955569
93,0.06071956131631706
94,0.08640356664076754
95,0.7226192270527904
96,0.20077855359876987
97,0.734038885292468
98,0.9671145345740558
99,0.970801259609837
100,0.8740610150200628
101,0.6558123661026615
102,0.8867548127988713
103,0.8865178013220708
104,0.4674684668309107
105,0.22891103373439894
106,0.2808704577350879
107,0.6716409075461757
108,0.43013066950453593
109,0.9664454186191028
110,0.054870890045993125
111,0.442507731085441
112,0.9161664650315045
113,0.16238831741898327
114,0.9445064771575586
115,0.8701344265480431
116,0.14837626605478407
117,0.8429997087067629
118,0.07379415183436736
119,0.6023888212561537
120,0.2559117490777192
121,0.2631811347486774
122,0.1212497038127241
123,0.8859903195463431
124,0.1292265848091534
125,0.40017912008662987
126,0.35963992915533927
127,0.5693707556014969
128,0.7676090248073364
129,0.47206932324069556
130,0.0803626537762506
131,0.04587734046927832
132,0.3293150764012539
133,0.09878390570983743
134,0.8111864191758204
135,0.4731725038128322
136,0.9564011618795659
137,0.06095078036352374
138,0.8901977009904835
139,0.8870660919706435
140,0.683529991323912
141,0.8766652284722333
142,0.9731962346715877
143,0.7273027074049374
144,0.10346933817089915
145,0.9185172599370856
146,0.11653245516813567
147,0.6340967869323093
148,0.8397229325506919
149,0.6999719869007008
150,0.18097560121374673
151,0.15321336556354578
152,0.8639121929621242
153,0.42447635937164635
154,0.9453563629025583
155,0.9097979583474016
156,0.6984106434675689
157,0.6604769021416703
158,0.8897663949223118
159,0.394273977154854
160,0.051547940273626525
161,0.405569146266021
162,0.12344740704058547
163,0.24281367098677054
164,0.9574685823009361
165,0.8650764412496501
166,0.4253110262386775
167,0.5768014719221785
168,0.8262600765641767
169,0.3968896870130639
170,0.9621934002230799
171,0.9486471497833755
172,0.950046505256378
173,0.3188209976340375
174,0.8004017103445482
175,0.08671673944787327
176,0.9125632337658599
177,0.31694324740295027
178,0.13452631586728825
179,0.5425089829948898
180,0.1880306401465113
181,0.3549908966377248
182,0.9240334175698134
183,0.870921823104861
184,0.16080606024273275
185,0.9588502774495236
186,0.5885195098967603
187,0.9042895611027402
188,0.32528909030888487
189,0.9097026110747515
190,0.5638322631496653
191,0.17926016955992355
192,0.5559568184002606
193,0.22768745045791283
194,0.765685265222669
195,0.9270204803727056
196,0.16368918327132057
197,0.9575581005307803
198,0.7164827383022543
199,0.4858583761101865
200,0.47181235705172014
201,0.8664226782814097
202,0.397880117741145
203,0.5184715942486289
204,0.17137616241239625
205,0.9030950799864189
206,0.7268796406655871
207,0.8261837653630763
208,0.9834978269418061
209,0.879735929188077
210,0.3188018286113313
211,0.8644364468612935
212,0.857629341053546
213,0.8996148272799722
214,0.033814107193223995
215,0.7828274458248833
216,0.9101083297284424
217,0.6994046130200408
218,0.5477376064168775
219,0.5428132832594107
220,0.2304093044489621
221,0.9154116001275652
222,0.2973536394656648
223,0.16519074507881407
224,0.8896137347755333
225,0.4516367227094136
226,0.23052283961871445
227,0.28693272957756705
228,0.9298585272672972
229,0.29937166231624096
230,0.7184014071091976
231,0.7655380313316186
232,0.9044933321477222
233,0.7788497473176339
234,0.23750530326131392
235,0.6224923681771051
236,0.8115753834409888
237,0.22950173975301694
238,0.246527239593948
239,0.8053015716521921
240,0.8099151406731525
241,0.4723635387317393
242,0.028873789446060855
243,0.5914177861363904
244,0.5839712074180342
245,0.3036949304183268
246,0.8658519531121773
247,0.12296049891653515
248,0.1897276443097966
249,0.9428364491557721
250,0.05096162182269565
251,0.8389351109828095
252,0.5044539552650947
253,0.5213245486950975
254,0.8672900387805462
255,0.9228119639330126
256,0.6652955364186123
257,0.07129290300612089
258,0.09650558710951275
259,0.3979586379130121
260,0.05297679572717529
261,0.05198898683834786
262,0.08842031036394916
263,0.34760025472241457
264,0.2296626515745879
265,0.23088568876498605
266,0.7422877612704541
267,0.4567977952761514
268,0.09723199584618593
269,0.403583860973351
270,0.8614790142546619
271,0.9511682171403978
272,0.9000284831434111
273,0.7832607155012958
274,0.5803277262044485
275,0.14489233253173162
276,0.3161321955492938
277,0.8958743708508954
278,0.3365925240185019
279,0.45896968076674416
280,0.37370539130499225
281,0.06454196837168386
282,0.9082905955258752
283,0.5059212433669714
284,0.0393721865546231
285,0.7499617458435043
286,0.9785949587662656
287,0.938302701555114
288,0.733061171992482
289,0.8377858098415198
290,0.1785429874568105
291,0.2718556366489024
292,0.46943410152853243
293,0.7776732979779317
294,0.77095215795699
295,0.050512186131366134
296,0.39054515182367744
297,0.027739128248662016
298,0.5115398043371308
299,0.8572501836125227
300,0.8353962470907015
301,0.8093376917131287
302,0.1100830563577115
303,0.7985836436569295
304,0.9490818437160509
305,0.9298971012084278
306,0.9042983971189398
307,0.09714141456225282
308,0.8724471127351919
309,0.5996687740886049
310,0.9474396410327698
311,0.9328368722164324
312,0.7442633090659209
313,0.8129972936688218
314,0.12654256351421808
315,0.7955479597429805
316,0.25617439316914403
317,0.9476884104226183
318,0.13555939007522524
319,0.2660802657939872
320,0.06357667975540611
321,0.2727565424450563
322,0.791831048388088
323,0.9217268648535958
324,0.31810930161527995
325,0.10761538860249567
326,0.8918133084917527
327,0.915907353556311
328,0.9494240921552762
329,0.23358826081955192
330,0.6153345822342999
331,0.5079219003674134
332,0.7235135184871758
333,0.3302894708372908
334,0.3855449190032626
335,0.7570858793065112
336,0.7457753782726257
337,0.8740994152142256
338,0.05007232289430409
339,0.026563712080015494
340,0.916050757417162
341,0.8625519646264537
342,0.903141115211634
343,0.19183805114773847
344,0.31766521074657184
345,0.8316334811333028
346,0.9424592417421251
347,0.15525549522281382
348,0.2764764774381547
349,0.29952950134829526
350,0.8920151760688122
351,0.23032302498421442
352,0.8635063605708366
353,0.8521944976855148
354,0.055079324581192225
355,0.9227855260868502
356,0.7682364758074467
357,0.8087607459074024
358,0.20478594468655265
359,0.144245186142446
360,0.8268738868039892
361,0.6405119812111041
362,0.8888478778296656
363,0.9027536953811879
364,0.4016553722062284
365,0.9174101850794216
366,0.8434527298521359
367,0.7147600003014799
368,0.3909794104348736
369,0.0548292534036739
370,0.2654548748579199
371,0.6161850141565818
372,0.33720390712438425
373,0.5338228991414856
374,0.09762536973681277
375,0.7373286129652894
376,0.9734929017958758
377,0.7754220815378454
378,0.7680214228128167
379,0.9322117154695839
380,0.019570308675229582
381,0.8988760306826709
382,0.9552952778559934
383,0.9716580587797878
384,0.4842775091570285
385,0.9266959850940354
386,0.690221590788156
387,0.08662218781434182
388,0.1432698233245611
389,0.07133960853119833
390,0.8769037880979011
391,0.6273532446679949
392,0.2586713393982923
393,0.7324400540438039
394,0.8469442083378159
395,0.9210558011306907
396,0.2336405455373461
397,0.6613688915222581
398,0.14327228652944335
399,0.5410650458595703
400,0.7908067703618565
401,0.8705802280881815
402,0.62646945579291
403,0.12752069906171348
404,0.8916477752180062
405,0.817230437914435
406,0.13936001726848316
407,0.9431926396140383
408,0.6410522874679062
409,0.11292830803647813
410,0.321447912851384
411,0.9089622589823853
412,0.8895239673263252
413,0.871624841313575
414,0.07404963232623311
415,0.777914236756499
416,0.9481429765642038
417,0.32350792218055263
418,0.9194028800810101
419,0.5344446160787952
420,0.4232800190910491
421,0.07622875338402668
422,0.639102661811886
423,0.7667478509935433
424,0.7379342895292031
425,0.9189569333659402
426,0.3456030021318756
427,0.764180733170156
428,0.8643273956067414
429,0.7469736242970456
430,0.09175926136518404
431,0.7769650428344554
432,0.6417391302570086
433,0.2767557264239822
434,0.13879737045714444
435,0.22130178307034665
436,0.04592354114452744
437,0.21839629148033896
438,0.664951413203283
439,0.02745361729633954
440,0.21764729767670954
441,0.7609699999249903
442,0.8414823872982099
443,0.9449741518426672
444,0.07714231514855063
445,0.8072199065541219
446,0.8335628881546303
447,0.12909875998446835
448,0.12472419753953355
449,0.06279141255244367
450,0.930251279820266
451,0.7630758153025141
452,0.918220613262609
453,0.3038056243032269
454,0.9010826106683664
455,0.5597647979031602
456,0.8874988015394331
457,0.23670981669346425
458,0.7202045568550716
459,0.16628533898474138
460,0.6146322523588759
461,0.3637340758017871
462,0.8895636971722176
463,0.7289255786717457
464,0.8397229325506919
465,0.5101477557818824
466,0.24052650762476246
467,0.1181912876239804
468,0.6089034201564694
469,0.7417955100200747
470,0.3489505084710174
471,0.07410432893773694
472,0.9059797040826237
473,0.07659597743680671
474,0.5639814595585181
475,0.5022945011865313
476,0.1742863470943612
477,0.7605737978814546
478,0.08210910839946449
479,0.1834815982510489
480,0.12757512978737404
481,0.20681648097118377
482,0.47230830274673674
483,0.62119890050648
484,0.9279412634840539
485,0.23410986663603617
486,0.8283705356947378
487,0.23241050061298407
488,0.3568339054649492
489,0.6056415503073439
490,0.891855399140382
491,0.3282925899075583
492,0.8732909421711226
493,0.9166842588773992
494,0.9246314326878327
495,0.6121979187134463
496,0.7649378612722054
497,0.029873785559906493
498,0.21765877043432982
499,0.5994456040547624
500,0.07593997711639897
501,0.960513353017502
502,0.8107036362836816
503,0.7175619783644541
504,0.1374515753984588
505,0.8550221369847815
506,0.5453424956626912
507,0.24088055672582923
508,0.26830738107639474
509,0.2368623486934669
510,0.14561395389724685
511,0.8959227396731758
512,0.783929225373832
513,0.47224753654474216
514,0.8255924064647479
515,0.9511165313193305
516,0.02420098107186588
517,0.5518856652161738
518,0.05963199114293629
519,0.2985359731873722
520,0.882367147386489
521,0.8422060485041716
522,0.9458284282708849
523,0.9387295900493046
524,0.3342706959139345
525,0.8573589665683141
526,0.4749451703066449
527,0.8991372985473195
528,0.5806285169025769
529,0.054539984073625446
530,0.10045222254713312
531,0.871502812462799
532,0.13854512190131565
533,0.9341056397184203
534,0.042082675398505076
535,0.5033184276442638
536,0.04039367095417453
537,0.9551332306960234
538,0.1518095516762838
539,0.9091159735227164
540,0.14546207754416365
541,0.10818415267809674
542,0.1431312606770787
543,0.6556593268527421
544,0.6099589179399036
545,0.6986170758251441
546,0.7628785832332216
547,0.927789927058655
548,0.42628548629500845
549,0.9079189992658758
550,0.9523162325035757
551,0.8564231670294391
552,0.18518653276810298
553,0.15041961667799084
554,0.2823881074889863
555,0.015430283660953316
556,0.9570191595093985
557,0.510424520280001
558,0.6705815635948286
559,0.7508172517147343
560,0.8595174088033646
561,0.9487653429568823
562,0.9560507491843756
563,0.6816654877879385
564,0.44521566718999156
565,0.1974390055712874
566,0.4030087244534134
567,0.17579720783763428
568,0.8801531322712383
569,0.7594412486457592
570,0.18428912607223544
571,0.5913769378898132
572,0.8863972856484377
573,0.10839418665169041
574,0.9746307799693317
575,0.24003757685230456
576,0.5921964955991991
577,0.8912164467132414
578,0.24353938235423128
579,0.6790134258273942
580,0.11554294311826681
581,0.6940378885871727
582,0.9416766967553064
583,0.051180610589186645
584,0.8236264448106745
585,0.7496681538228631
586,0.7858752302796398
587,0.8949518713220584
588,0.2669932689165247
589,0.2984467258683576
590,0.9534334293252464
591,0.7952160661524459
592,0.05403920154178172
593,0.8848557992420688
594,0.9388204996490815
595,0.8194989561873184
596,0.11305864856725317
597,0.25730323801086175
598,0.8737141791516065
599,0.9390701662274665
600,0.7371419392401702
601,0.2975701757696996
602,0.585171626024221
603,0.9097120310308981
604,0.48085535290579234
605,0.8305855787624215
606,0.11292479929526825
607,0.7909192933729903
608,0.27261020221933235
609,0.1252750848427762
610,0.5197945747893236
611,0.5190435149685173
612,0.9142782641120083
613,0.1279929909290816
614,0.6070694150327238
615,0.9337765679664631
616,0.5453886965641246
617,0.5444103510989862
618,0.8701179811896238
619,0.021463050186884193
620,0.6395786624542668
621,0.6963569086731433
622,0.9223367211111716
623,0.29390071577388127
624,0.16187132030343357
625,0.12037821812540786
626,0.9200123512514444
627,0.14703907377067582
628,0.604315960040846
629,0.299651717262909
630,0.08808938914080247
631,0.2085684960161419
632,0.355634146165961
633,0.8702969295896426
634,0.6721077308753272
635,0.8407423338788838
636,0.8768648218311266
637,0.9422260348854201
638,0.09184456319212625
639,0.6579474451142803
640,0.6612178945454815
641,0.1460943708934832
642,0.3338696104954682
643,0.15714836965005938
644,0.051863227682299014
645,0.12358926600381112
646,0.4085197981168246
647,0.1011750330765595
648,0.9225801545820271
649,0.4769321895659136
650,0.8288775301981028
651,0.8504639795037664
652,0.22168095958561207
653,0.11857075941474643
654,0.11580464084022819
655,0.12091078824991834
656,0.9187566200668232
657,0.8041528648055506
658,0.4906390276023573
659,0.5737327752146195
660,0.13645619489859392
661,0.11146153346164288
662,0.6627419976991548
663,0.23532123855909678
664,0.9041070591583616
665,0.9063739591566752
666,0.31515166557734337
667,0.20065285462578547
668,0.9011375089596725
669,0.17107322481967366
670,0.8143008543983031
671,0.267510066809055
672,0.9197691362706518
673,0.7444933003379971
674,0.9100447572536422
675,0.8546342614745676
676,0.08351504079638768
677,0.17516150499961278
678,0.2638557019376681
679,0.7841616253650836
680,0.061990087077292595
681,0.31949098235756274
682,0.7121174613813073
683,0.1336595892602235
684,0.9445941940631513
685,0.9545609003052249
686,0.22091878876366164
687,0.28127008736362763
688,0.6725964781799462
689,0.11925581767163537
690,0.8081994144940781
691,0.8229396857061145
692,0.8390835889292937
693,0.7381458695800662
694,0.832259110055157
695,0.07112363671961631
696,0.7122586791573583
697,0.8355522773580429
698,0.47895633758106787
699,0.9076920665777728
700,0.8450165560278735
701,0.1499392684745951
702,0.0643730102065706
703,0.8376733020264311
704,0.9230056597848166
705,0.8752467658826739
706,0.27229734732799704
707,0.5076221030108653
708,0.5746023061047534
709,0.7784684408674926
710,0.939916717401839
711,0.038758707918029635
712,0.7000162617514385
713,0.5113875363394039
714,0.35888203881717695
715,0.9093928660047796
716,0.5179269729855812
717,0.48358575650931124
718,0.8875738535021778
719,0.965385637886624
720,0.5141457972728352
721,0.9232047411539639
722,0.8036472626342841
723,0.8013204407350378
724,0.6653123506461351
725,0.5596695755953022
726,0.0526745835541259
727,0.1258884171480566
728,0.17539666454808092
729,0.10357068294521861
730,0.46574562342311443
731,0.6762556029070057
732,0.6989959867426636
733,0.8565331076972572
734,0.1969481818214902
735,0.16220983331624786
736,0.1713778605479412
737,0.036079177839638196
738,0.557183229239155
739,0.9759032566957703
740,0.8999368077104978
741,0.7769893636177457
742,0.7100124755750931
743,0.09986592565265844
744,0.9043586224371162
745,0.7259616937234358
746,0.04471838865756228
747,0.1588012851654926
748,0.6163174219376234
749,0.7316164480913933
750,0.7203010194019579
751,0.17453338074953428
752,0.856216498201979
753,0.7897722843211645
754,0.7890811230768574
755,0.5910206171308231
756,0.7443587894394778
757,0.7985878392095811
758,0.22030114525528552
759,0.9529681916016091
760,0.8702860726034086
761,0.767103821772838
762,0.829790222977684
763,0.8982240058205296
764,0.8324921109369642
765,0.6701665744867705
766,0.6310672770849014
767,0.24633951774289095
768,0.8096702925628831
769,0.6345534950181385
770,0.6986971023609962
771,0.07174721871753892
772,0.5292579460819887
773,0.08518164984903058
774,0.1324438183697868
775,0.9642942810111398
776,0.9452410921346314
777,0.5095398842909774
778,0.6610753037753784
779,0.11633090544813902
780,0.8622311043314907
781,0.8109259965815937
782,0.9515191012051716
783,0.12644785163530556
784,0.943105777236468
785,0.1088813453624602
786,0.9099567043532669
787,0.7595824924237038
788,0.28923801100925595
789,0.1332826123789237
790,0.06881473684930557
791,0.2152287109638575
792,0.02624960009755323
793,0.167353624956007
794,0.11812040775765097
795,0.7842227368656124
796,0.9053599042044519
797,0.787048781916183
798,0.6212927875885557
799,0.8120601548200583
800,0.9548126786404357
801,0.06453026985979952
802,0.7899688597614973
803,0.7206246690044895
804,0.9314177650175396
805,0.9059491774763139
806,0.33774526786356746
807,0.5526534311464724
808,0.1351971425356459
809,0.2581529487791813
810,0.2170320941545208
811,0.9075904502576886
812,0.7272761818158296
813,0.8803339569285411
814,0.9364228745187195
815,0.3169902077323567
816,0.6933547206417343
817,0.05081759159078094
818,0.824349573945664
819,0.597377804558605
820,0.95966294203862
821,0.03959235978163866
822,0.7115028657331096
823,0.028888816497971
824,0.11313626544528724
825,0.7139797564728745
826,0.9488925252949434
827,0.7033247572224889
828,0.7515540612699878
829,0.9054983137333673
830,0.9384810766535207
831,0.8836147289827554
832,0.8670369450533543
833,0.1338433021577138
834,0.9727161951731687
835,0.11173565393842072
836,0.7564941509614496
837,0.8630441471582133
838,0.09644189066184268
839,0.8444131899178182
840,0.7771990950030547
841,0.6324270911731091
842,0.041296704904333244
843,0.08114982363991725
844,0.3033833994934092
845,0.8411113749498427
846,0.7531390100170593
847,0.7758552569740147
848,0.548854187319053
849,0.12703836319449227
850,0.2591768894277025
851,0.8431999184629032
852,0.9324191593642305
853,0.8938688832122105
854,0.10523008447407566
855,0.6313931890784739
856,0.13134891774004614
857,0.8601910565124093
858,0.8891461420750639
859,0.19152966712774333
860,0.13159129077797205
861,0.9263201177605811
862,0.7638244096416629
863,0.5177631883051639
864,0.7388789660719463
865,0.08353708834545252
866,0.1328777046194844
867,0.9375843437330466
868,0.5999442971185954
869,0.8205680077247348
870,0.7504763375771977
871,0.443013963374806
872,0.5708322402272411
873,0.8183961917888731
874,0.2530276646220029
875,0.9283426764336927
876,0.8331328750322031
877,0.17428265813299978
878,0.8515931348080031
879,0.8969513794468431
880,0.26801223452260325
881,0.808161707588194
882,0.5206183022871023
883,0.8829827170349647
884,0.13252745031843938
885,0.06861487767921855
886,0.19662825668930964
887,0.515472674085546
888,0.6905174879031125
889,0.13854011651402034
890,0.12779042953911954
891,0.6036080628418651
892,0.46900757851742453
893,0.9394567700783163
894,0.1890390141402879
895,0.8006209871797233
896,0.5878561454592168
897,0.8243528131831583
898,0.4873422120286622
899,0.09295185698454647
900,0.821249703837561
901,0.03491860006258903
902,0.41719582193920135
903,0.437061543081858
904,0.9652383473077157
905,0.9327053677395423
906,0.46933404872436935
907,0.19047924098044103
908,0.5221214679107382
909,0.9490909161111979
910,0.1970314816342131
911,0.666478903338854
912,0.8263151521420142
913,0.9572688150682268
914,0.5975761728750992
915,0.8409529425922778
916,0.2979796680992179
917,0.15094312376965494
918,0.1963554463863247
919,0.5886049681827656
920,0.06256589371124217
921,0.42690850481283604
922,0.9507448011232584
923,0.09310717014984389
924,0.503806498724582
925,0.9632585174544971
926,0.488955394255568
927,0.241775743141091
928,0.13904786277862263
929,0.07324007142834246
930,0.9350472312434269
931,0.061650084123486645
932,0.22664828152708874
933,0.028049165707474344
934,0.803017408130878
935,0.7512883143430988
936,0.05887072452552988
937,0.9064970569020614
938,0.6815960952340328
939,0.9197780337268192
940,0.21901131704598087
941,0.9220413732949003
942,0.12242028070907064
943,0.06551146877875719
944,0.3265196839510384
945,0.321763574327638
946,0.6093960362725951
947,0.26575323766593834
948,0.8595534223916076
949,0.11532782300079257
950,0.7203929149051571
951,0.7629342761621211
952,0.5521705346212193
953,0.06543683776811189
954,0.09029142433733767
955,0.04055722464420366
956,0.09142534963048518
957,0.7607612245075511
958,0.26927516225088377
959,0.13318287123694833
960,0.26199294868307893
961,0.595797757821353
962,0.9453015993876218
963,0.7373273309822531
964,0.958496881693136
965,0.1031221653901683
966,0.6824786336040779
967,0.24947877445418026
968,0.8446039623000582
969,0.13611321894093753
970,0.07900256028225076
971,0.1360311534695297
972,0.2866553722903178
973,0.9177723285625395
974,0.8839897585772699
975,0.6234629327407352
976,0.5593538796671647
977,0.8948292515888113
978,0.1109825947588262
979,0.9071109803939261
980,0.2392281353883088
981,0.4546248131917639
982,0.09274024145571194
983,0.8100394355750585
984,0.9472143251651772
985,0.5008762599851877
986,0.12070306590926054
987,0.8291977600478405
988,0.8547658903235427
989,0.11230556563726371
990,0.404752647558979
991,0.8641476987675988
992,0.05998198355071937
993,0.6610472998160295
994,0.1653279718728131
995,0.141878503460656
996,0.8780798762179886
997,0.4109925567382368
998,0.1510049476285327
999,0.655294392216207
1000,0.861528028114759
1001,0.08714763932623398
1002,0.3427845102116496
1003,0.8896088603271566
1004,0.5783617034680871
1005,0.8506086461514704
1006,0.18295325171946963
1007,0.7064365487485271
1008,0.9447557041194721
1009,0.7591579354419127
1010,0.259730533790123
1011,0.39780143680593455
1012,0.2920574607212568
1013,0.4503052865400002
1014,0.4216187880726231
1015,0.0508666921886165
1016,0.7690172702928125
1017,0.12959282224857258
1018,0.7138991025533399
1019,0.7791369498476471
1020,0.04752566256928633
1021,0.35197150568025876
1022,0.7393453587164196
1023,0.8904981667871601
1024,0.9133158657005129
1025,0.7076509180332603
1026,0.5526577426055859
1027,0.3904502444154837
1028,0.7482831481459178
1029,0.9293925540342286
1030,0.9231692869921859
1031,0.396038703810952
1032,0.7223084979985251
1033,0.832259110055157
1034,0.2277526413380435
1035,0.8211072065765612
1036,0.4582943646565809
1037,0.7132544686068139
1038,0.6569480227055593
1039,0.4465762611426176
1040,0.4703178825103544
1041,0.3324505349209526
1042,0.932040598865
1043,0.9112404816539658
1044,0.15184310074275684
1045,0.20068305461585076
1046,0.9323966721233118
1047,0.9260120677563548
1048,0.6836824876006413
1049,0.11009380318166269
1050,0.9408016280989085
1051,0.112855691945386
1052,0.34681571419675244
1053,0.912474959622569
1054,0.8392928294081354
1055,0.8906874779234691
1056,0.9720448520897329
1057,0.07053779356284504
1058,0.8559933179878737
1059,0.17892452365929679
1060,0.5206662047773785
1061,0.25526139168527984
1062,0.08518715177838712
1063,0.9825685093271722
1064,0.23137601687883277
1065,0.20018632111931747
1066,0.3734026669737597
1067,0.46829190702219686
1068,0.9380139402273472
1069,0.24571019930527024
1070,0.20374003936455137
1071,0.3597652689570909
1072,0.853868440337319
1073,0.9529681916016091
1074,0.8320891750057546
1075,0.8543556701526115
1076,0.8651239409429152
1077,0.8920586068321879
1078,0.09064332351110584
1079,0.8615855796312614
1080,0.935116385127046
1081,0.6584769853747632
1082,0.3350274088821549
1083,0.5810834219814164
1084,0.6208064594648665
1085,0.06316152429320714
1086,0.35744116551784166
1087,0.0535764843329261
1088,0.9577076063921384
1089,0.9320601549566769
1090,0.1637246208941887
1091,0.8965404857689048
1092,0.9515946198546372
1093,0.8841048905463704
1094,0.9372212361700634
1095,0.853876775872003
1096,0.7900446285759473
1097,0.7980275122416897
1098,0.4913636232323075
1099,0.22562893324248287
1100,0.8982296387328896
1101,0.04140252956477248
1102,0.7975694902134671
1103,0.9120790826491032
1104,0.2223150951899903
1105,0.18791886382322098
1106,0.8649283141211747
1107,0.6082171998321587
1108,0.2618519343529387
1109,0.03798919490779013
1110,0.936619809111809
1111,0.038993990647984055
1112,0.9007661262195668
1113,0.8757258460019918
1114,0.06902617110339493
1115,0.9054551919835971
1116,0.0535369980234984
1117,0.5964522559073541
1118,0.032551379134595916
1119,0.06296645848823637
1120,0.10761579806567502
1121,0.7236232558968618
1122,0.599022463429252
1123,0.6519690333225115
1124,0.3968725483697424
1125,0.11047788547296244
1126,0.9239588687449851
1127,0.08252027465470621
1128,0.7307714360774228
1129,0.059510805088297807
1130,0.09651547620258412
1131,0.11553585615636455
1132,0.6480085981308493
1133,0.8885901712450348
1134,0.8897573072167924
1135,0.07647115502251814
1136,0.0971303576912965
1137,0.792260875911687
1138,0.4903930047184212
1139,0.9017763851032958
1140,0.27170522030679667
1141,0.35816289119773514
1142,0.6554932319501606
1143,0.2559819021521536
1144,0.6459644799099951
1145,0.5991569621714337
1146,0.9407464382230348
1147,0.8854394250762688
1148,0.20953095436367983
1149,0.8619234713193732
1150,0.9443184390057738
1151,0.7641989656598814
1152,0.5065315808934193
1153,0.18952439310919109
1154,0.8470478405220048
1155,0.8341058082581878
1156,0.7013056065924069
1157,0.08976214944376712
1158,0.2905384137318245
1159,0.0393721865546231
1160,0.9304973060393502
1161,0.4428858336404871
1162,0.8629960041241311
1163,0.9719714147173313
1164,0.060510771477321895
1165,0.64015876376732
1166,0.4411700163240438
1167,0.9090087081599608
1168,0.0793911399377065
1169,0.9044535069638603
1170,0.05628411558671978
1171,0.8581605275333523
1172,0.6300436823881125
1173,0.2438870905655515
1174,0.8386556132053962
1175,0.9507754718528529
1176,0.1019733956193731
1177,0.6272672290982856
1178,0.7902411112554463
1179,0.5561050311683788
1180,0.07924061778805568
1181,0.894466554671294
1182,0.7964681854866418
1183,0.8395398712176123
1184,0.10709124907896712
1185,0.8251716873498198
1186,0.39756168017284976
1187,0.21939208123988793
1188,0.2070920144656439
1189,0.903427752154649
1190,0.2528555965306298
1191,0.12499127955490884
1192,0.6175746861629674
1193,0.8970778478694833
1194,0.16507192530807016
1195,0.7991779706476146
1196,0.0301298906321526
1197,0.9781749653951041
1198,0.9328978029349682
1199,0.9549199986125999
1200,0.3768624426821584
1201,0.9362466096712436
1202,0.608963164633205
1203,0.9417377233283342
1204,0.5441370249613715
1205,0.3011939358577143
1206,0.9786229233690177
1207,0.34448080758657273
1208,0.9596711615604996
1209,0.1364593543780124
1210,0.9223125344948871
1211,0.045698794491307586
1212,0.8856212112583408
1213,0.12858523737304375
1214,0.5501688684116884
1215,0.5726568806226878
1216,0.851738025052725
1217,0.5316254932751714
1218,0.7920048369479651
1219,0.40267122679763845
1220,0.3718614618451831
1221,0.5444031144572756
1222,0.9591321254850143
1223,0.5631822022439129
1224,0.8734705218045946
1225,0.814267925088574
1226,0.2468988436023665
1227,0.9384040329060505
1228,0.7978121008500931
1229,0.9600571043940449
1230,0.7607067095598289
1231,0.8825409159968653
1232,0.9138452840942763
1233,0.8215267144547997
1234,0.10048860540593296
1235,0.3786595964187973
1236,0.5513042929337595
1237,0.27570848911266166
1238,0.8878261978875153
1239,0.5274206811462766
1240,0.04595679818252541
1241,0.9657101696584648
1242,0.3063867125999374
1243,0.0512221890336305
1244,0.027081097534724714
1245,0.5271791089563833
1246,0.172191912648632
1247,0.05505368544091611
1248,0.14145065878643492
1249,0.9473326158427354
1250,0.8426691084532593
1251,0.08908731227169465
1252,0.36762380130215727
1253,0.5433041793977326
1254,0.4753653165638904
1255,0.4427560513450835
1256,0.4162386720990735
1257,0.9014156221625971
1258,0.558254135029698
1259,0.9563191309714165
1260,0.9462590690640892
1261,0.9154669763058657
1262,0.9439223945922897
1263,0.42222210692139966
1264,0.3848950413082255
1265,0.9262156266992482
1266,0.8280786461035882
1267,0.9304973060393502
1268,0.6291468112698569
1269,0.11655851880642232
1270,0.3220531888373269
1271,0.22462088887956436
1272,0.9003285997290866
1273,0.6982937401780989
1274,0.7545812612129191
1275,0.8920611702979011
1276,0.19403630700534108
1277,0.9110741082773258
1278,0.8943235580164315
1279,0.9450098522216375
1280,0.8490621833262658
1281,0.8939479410221736
1282,0.8431876873632215
1283,0.704841282393416
1284,0.07828914573275149
1285,0.697976230717857
1286,0.8299766853242586
1287,0.3978158433562899
1288,0.2930623400923099
1289,0.6344480317122408
1290,0.9304830550992654
1291,0.9185660718251171
1292,0.6638407548752874
1293,0.054896241357811675
1294,0.7858936246000977
1295,0.8739375902730128
1296,0.041755464932622416
1297,0.040745052085001184
1298,0.5665274342097733
1299,0.9276248376841563
1300,0.19847765043116433
1301,0.18791312917000266
1302,0.04028082566230382
1303,0.8356382755298863
1304,0.7488794499787196
1305,0.19503821375023642
1306,0.8998197229739051
1307,0.9690689837722044
1308,0.6860606232105022
1309,0.707870277883358
1310,0.8270817288848621
1311,0.5874426644222318
1312,0.9632079592784314
1313,0.34564745450834156
1314,0.7369198302763661
1315,0.1901632123798827
1316,0.8977500502008247
1317,0.5217363031259706
1318,0.11174064954829631
1319,0.03585451395642651
1320,0.2619406666430136
1321,0.8672456042181741
1322,0.3136033096968366
1323,0.10324333552608635
1324,0.8940893065176259
1325,0.4791018466020622
1326,0.9391693227522132
1327,0.4707993278496041
1328,0.06424359006431345
1329,0.27709991308391285
1330,0.8379300745776995
1331,0.16758601361457268
1332,0.421302106648178
1333,0.9650454539421947
1334,0.4580757980503306
1335,0.7303832384623279
1336,0.5448458876025835
1337,0.42493717368995826
1338,0.13377410929071604
1339,0.5842632219664126
1340,0.09750856658588959
1341,0.9639843921397753
1342,0.9273818085583363
1343,0.9324724623103151
1344,0.835563541472364
1345,0.8522711074486243
1346,0.9499828518730764
1347,0.15980935203319185
1348,0.9351647208483554
1349,0.8957686996632424
1350,0.9098056794557783
1351,0.9412318087816951
1352,0.17191531415816064
1353,0.7821425889509228
1354,0.9458909758842846
1355,0.8657684331793045
1356,0.051733561109249634
1357,0.5049137667555595
1358,0.21266944485928305
1359,0.19529695160498803
1360,0.5944259716068874
1361,0.9424616601603432
1362,0.5730534234283827
1363,0.8100712509030062
1364,0.8885516210895877
1365,0.933144278499519
1366,0.773781661743718
1367,0.9114651767078135
1368,0.5230424028617908
1369,0.955071825336824
1370,0.7372541353649918
1371,0.8166372912889925
1372,0.7434334039612143
1373,0.9248246860845104
1374,0.03898076719977428
1375,0.66092951365186
1376,0.23773991878604261
1377,0.9619877084075227
1378,0.8069516500575202
1379,0.07356497939893207
1380,0.13847676700477027
1381,0.8048912282963935
1382,0.6623567789831185
1383,0.9185769639036344
1384,0.7303157083568118
1385,0.09168950365132747
1386,0.7601480043014909
1387,0.9113382524616761
1388,0.8102034187964541
1389,0.0977238534442119
1390,0.8250261568361533
1391,0.8493736067367572
1392,0.5139644364362056
1393,0.9177548872235813
1394,0.8941766136643958
1395,0.39799256981808034
1396,0.1356381821399262
1397,0.34027894414729787
1398,0.14329755346253645
1399,0.4174058360485833
1400,0.30570214683306773
1401,0.8020022440041319
1402,0.9389075621712714
1403,0.8773346582062913
1404,0.02862048300271238
1405,0.2090250901186368
1406,0.7773312679180274
1407,0.07690321352969652
1408,0.9120050148068539
1409,0.9330628149666035
1410,0.4365969072275749
1411,0.4201911569114929
1412,0.12125841320210719
1413,0.657562139369844
1414,0.879074653389599
1415,0.669063452571937
1416,0.14203992397835402
1417,0.16309286926963992
1418,0.8581162805438973
1419,0.2894626460666675
1420,0.918541672924754
1421,0.1172242017275722
1422,0.9110401776995227
1423,0.8849292420207188
1424,0.6218874122194892
1425,0.2536350269659045
1426,0.5257907190612466
1427,0.08175552670576292
1428,0.0805275168545924
1429,0.1980103431691602
1430,0.8441879938347351
1431,0.5195567252732647
1432,0.6651490891626858
1433,0.08041810976832793
1434,0.27498848536351517
1435,0.542865184832668
1436,0.6340904173889859
1437,0.17896538962058384
1438,0.9207147461252678
1439,0.10819087966958285
1440,0.9238126207890627
1441,0.8043135104976974
1442,0.1454613087863883
1443,0.28387480290891076
1444,0.04086347592430225
1445,0.32392194273017066
1446,0.11930670400478402
1447,0.04004425544039142
1448,0.1597691594006211
1449,0.8924875066079831
1450,0.6696315255759642
1451,0.8205586933463089
1452,0.3307186058452848
1453,0.25091130857179306
1454,0.604973810625296
1455,0.6014338791362779
1456,0.7557266902283011
1457,0.9575446888610831
1458,0.345832337125846
1459,0.41898998215394645
1460,0.4242631428304005
1461,0.36711432881852996
1462,0.9177470283166866
1463,0.7574835684983258
1464,0.7737239496528763
1465,0.9719423700039257
1466,0.20877221774143306
1467,0.9368072436725503
1468,0.18161623671885543
1469,0.37928421907942445
1470,0.9410830226994451
1471,0.9347181820007335
1472,0.21038016264994386
1473,0.7627581815403826
1474,0.06109816017743942
1475,0.20742698926196024
1476,0.20527454362912448
1477,0.873788376939854
1478,0.19926081679507493
1479,0.48762744255795354
1480,0.8265125187838689
1481,0.04530238656396403
1482,0.06672766805172861
1483,0.8064537690718193
1484,0.7315560010835228
1485,0.11217900997509138
1486,0.02880105733706149
1487,0.3064789046918009
1488,0.15359502936515387
1489,0.17660879769920715
1490,0.8146386575310687
1491,0.93433540819108
1492,0.09985866759891515
1493,0.8962547230138821
1494,0.6213296033041185
1495,0.8489586458215416
1496,0.917432458929674
1497,0.24923244815007817
1498,0.9116654305181212
1499,0.1102129693968619
1500,0.8566252521237957
1501,0.19033412327550525
1502,0.07568533248393902
1503,0.8056550925117428
1504,0.28889767741893935
1505,0.7215255956297211
1506,0.06659098686726038
1507,0.180606616659361
1508,0.8854225871821986
1509,0.7138604614223806
1510,0.714967933689086
1511,0.8332774233540498
1512,0.8171988228099606
1513,0.8588557250623605
1514,0.8496717300805466
1515,0.03790860593518483
1516,0.08691524496824944
1517,0.04643318919182377
1518,0.7355687533025063
1519,0.2788229147847937
1520,0.07369302715581973
1521,0.20533080067444637
1522,0.9402084588598542
1523,0.10892219403583937
1524,0.09625739902370556
1525,0.8585292651453382
1526,0.03491860006258903
1527,0.317735936783351
1528,0.7852615029183849
1529,0.9463102376994701
1530,0.3560210413596648
1531,0.7083696109334676
1532,0.9162791067131699
1533,0.9191450698716855
1534,0.02414964158694649
1535,0.9446390822881287
1536,0.4419454896078792
1537,0.1317080687199731
1538,0.18917358764413825
1539,0.9446356904866988
1540,0.9623755244505733
1541,0.6327549028856015
1542,0.8177827860496762
1543,0.0474365489509268
1544,0.9292179711033964
1545,0.8480376158999857
1546,0.8633743184186065
1547,0.40371196422397304
1548,0.896802648693096
1549,0.6406649541274072
1550,0.17734386580499067
1551,0.8791186246484732
1552,0.8961754917154132
1553,0.8880294634982903
1554,0.7870083206381784
1555,0.7912280312305648
1556,0.8557420519339594
1557,0.5502681405731217
1558,0.9347251225564485
1559,0.8423649215724676
1560,0.9434200095097325
1561,0.5793436531793195
1562,0.07231629220294157
1563,0.08418196582502464
1564,0.556000258120105
1565,0.6791506538862351
1566,0.29125721992534814
1567,0.834531391725677
1568,0.34877360891097736
1569,0.8626529330855812
1570,0.7031579773943358
1571,0.9317477982825085
1572,0.7515225073926225
1573,0.8789960751975197
1574,0.6073232884905783
1575,0.07430460146556231
1576,0.8212677315946478
1577,0.9088496167913805
1578,0.8332947624906827
1579,0.8844866158083028
1580,0.7955913854801003
1581,0.8068291422550502
1582,0.24735581039349544
1583,0.9078526019000099
1584,0.9487653429568823
1585,0.8847375607093727
1586,0.13751432479727052
1587,0.9478887442494881
1588,0.8494474078586343
1589,0.3169439178056789
1590,0.07474872754399875
1591,0.03531136024820007
1592,0.8183285221185119
1593,0.9542161707229816
1594,0.15651499281142894
1595,0.7193622037923195
1596,0.7936374789606073
1597,0.5602455558427646
1598,0.853406733795044
1599,0.7652263137837645
1600,0.2918203975231814
1601,0.8502646806486223
1602,0.23956867765368398
1603,0.12885818073826663
1604,0.9614947250062137
1605,0.10154589993042404
1606,0.32505650853890034
1607,0.8643610663742276
1608,0.14204656263979232
1609,0.6868795756353074
1610,0.8576888012519398
1611,0.8834770757399181
1612,0.774010224442031
1613,0.9465420584851232
1614,0.20833500995395052
1615,0.833059140621412
1616,0.4007992134894952
1617,0.08651737176279224
1618,0.6869562848038734
1619,0.9307553998594001
1620,0.9394481051652248
1621,0.05164361167828325
1622,0.7453423069130577
1623,0.8152321700501566
1624,0.9237057344921954
1625,0.9237375516055333
1626,0.16953456983902981
1627,0.04821228977848547
1628,0.2721878473059391
1629,0.6878075045530052
1630,0.06749857872335056
1631,0.6190092168751506
1632,0.6858161588559886
1633,0.8520091587850572
1634,0.45173582334554985
1635,0.27264318317061936
1636,0.20501557633181733
1637,0.7669326363635635
1638,0.8665668642826787
1639,0.2700797821282373
1640,0.6984872621805386
1641,0.3080606792050904
1642,0.7744586984974967
1643,0.8844622783720112
1644,0.17332026585260107
1645,0.9372974154948562
1646,0.4689859041549032
1647,0.8840802447862195
1648,0.8538750791247055
1649,0.5365376715107226
1650,0.3104354768831242
1651,0.9356622183044666
1652,0.9060605116252234
1653,0.24833805273116738
1654,0.6791241706515304
1655,0.12212054724828626
1656,0.8656083350793785
1657,0.6114440601335261
1658,0.9417145798395341
1659,0.12017235948917389
1660,0.8229990532183252
1661,0.18119169796248474
1662,0.535513860209561
1663,0.06338043709807015
1664,0.7786722300008189
1665,0.7224786091791936
1666,0.644942808711175
1667,0.8800747199966259
1668,0.24597855087752807
1669,0.8614461066224985
1670,0.6495900155989005
1671,0.17492474985382495
1672,0.9109944263559464
1673,0.146129505962513
1674,0.15105147390625662
1675,0.3427845102116496
1676,0.831173033943367
1677,0.1321035953825999
1678,0.780604219834309
1679,0.5856279464973483
1680,0.3523206273031886
1681,0.929370762188824
1682,0.27684510830624937
1683,0.9596094402309968
1684,0.8766221315356416
1685,0.8791179957003413
1686,0.21562367562539375
1687,0.8440677421433408
1688,0.5557445246004239
1689,0.41185166597972683
1690,0.8021136084362768
1691,0.7316591299900531
1692,0.24475211656096363
1693,0.2261734655835307
1694,0.7484487802244439
1695,0.766657257248561
1696,0.1130849526012014
1697,0.9763799018195005
1698,0.06577834103219503
1699,0.06477392532814892
1700,0.11302399749768553
1701,0.8188558384443982
1702,0.9342128564257883
1703,0.13333499041104874
1704,0.5827815102325586
1705,0.22156117436349976
1706,0.27020122423691056
1707,0.8767932166525301
1708,0.06836721203074364
1709,0.8507880805145261
1710,0.17906098729177436
1711,0.34398331763880324
1712,0.5660909750039524
1713,0.018527185628260324
1714,0.1978123256910976
1715,0.08453980684285951
1716,0.07285640790525157
1717,0.6025210861571305
1718,0.9448905079623362
1719,0.9488487974702687
1720,0.5012836247958752
1721,0.10004212498377324
1722,0.07351553960065602
1723,0.5689190997429734
1724,0.39900061509070744
1725,0.3955667531684955
1726,0.9580235249180489
1727,0.9813415099652164
1728,0.8198399937639955
1729,0.9501900797883557
1730,0.8406329578468
1731,0.6419300173611784
1732,0.1289229993578902
1733,0.895301505339546
1734,0.9016351461348547
1735,0.7031149588788744
1736,0.9614446163347679
1737,0.28097422921391346
1738,0.7912939810312535
1739,0.9495883284512642
1740,0.9519444176781935
1741,0.8680487513039828
1742,0.809164499011709
1743,0.7268716399801884
1744,0.16832847607295262
1745,0.14398342491561095
1746,0.23523707045972433
1747,0.06835328329834203
1748,0.8932293470971273
1749,0.8881713365305182
1750,0.22512255504359605
1751,0.9322421303058269
1752,0.9648099038981506
1753,0.0732295885800147
1754,0.14543716091970896
1755,0.12117061149784683
1756,0.8593280463898513
1757,0.5165822076263737
1758,0.11499625159398714
1759,0.8393657699571554
1760,0.8302204672748934
1761,0.9360632962720615
1762,0.9158659457872355
1763,0.10935484838806865
1764,0.39366371137859335
1765,0.90740343870861
1766,0.8626155038062934
1767,0.9376066774463426
1768,0.5076863121147436
1769,0.9274468019231413
1770,0.737283932830828
1771,0.7197581399238298
1772,0.9421088250203373
1773,0.9028201176842988
1774,0.3137675022821705
1775,0.24431453879475118
1776,0.9187788827958883
1777,0.08130421076928858
1778,0.9537262538791835
1779,0.07720542338763316
1780,0.3170484755647337
1781,0.8338787991933602
1782,0.8305309371720276
1783,0.15040618695625954
1784,0.8956439781584983
1785,0.5396055658648005
1786,0.03605148229411887
1787,0.797456650715015
1788,0.3176307361154809
1789,0.48800225459672825
1790,0.4384839039430977
1791,0.14256781260012727
1792,0.8359302227465636
1793,0.9670677525433223
1794,0.1676051135644771
1795,0.09051436573901118
1796,0.8639786249107148
1797,0.4831942156276858
1798,0.7253259483031468
1799,0.6884288373275521
1800,0.06311612273588994
1801,0.9339572984160358
1802,0.327592470173156
1803,0.1666967549734531
1804,0.19742291215224655
1805,0.898566747833048
1806,0.6402934466048221
1807,0.7141354401799496
1808,0.07583662653370753
1809,0.5146253055614742
1810,0.9323750973483182
1811,0.948875626996628
1812,0.4675085370771582
1813,0.6997716528821535
1814,0.6544394445435926
1815,0.9417377233283342
1816,0.43640463795609596
1817,0.8904746120560445
1818,0.13252693155069692
1819,0.7936710995714201
1820,0.2376026818432174
1821,0.37987643835655316
1822,0.13284361978636053
1823,0.9308227848269223
1824,0.9245523199339284
1825,0.9474767445598078
1826,0.9096014009578766
1827,0.6641567724503306
1828,0.891178373004811
1829,0.6535624107428328
1830,0.8471499066393233
1831,0.1936746354607974
1832,0.079101965662279
1833,0.38779983241915816
1834,0.6020277585047411
1835,0.6962687342181416
1836,0.6821783703365695
1837,0.277486523476092
1838,0.10484431124890063
1839,0.9811585040317818
1840,0.6443200627557867
1841,0.1816367487764791
1842,0.842078577161484
1843,0.8481209200972635
1844,0.5071323866694544
1845,0.8997520496606062
1846,0.13646261511100738
1847,0.8921107109889482
1848,0.5666750604311594
1849,0.2858707327515409
1850,0.8686814117342478
1851,0.960271072526817
1852,0.13149237688410803
1853,0.6057612698591606
1854,0.9238931197145198
1855,0.8818710901360485
1856,0.8998513040012791
1857,0.38996086827548837
1858,0.27647599503138615
1859,0.4595287763588072
1860,0.8630738584380089
1861,0.6829922073731948
1862,0.04037060854615819
1863,0.2832688959536114
1864,0.9442939943540715
1865,0.7114985421399231
1866,0.8869687093273905
1867,0.7958965756643211
1868,0.8658048138943166
1869,0.9408028717747973
1870,0.4207775394258434
1871,0.9100086423357197
1872,0.9119044604999005
1873,0.5741630692624863
1874,0.10612193116722743
1875,0.05388425584561752
1876,0.7599370961928658
1877,0.04982014042616475
1878,0.27085191775705325
1879,0.7670535183380551
1880,0.8242478845373821
1881,0.25031561268504104
1882,0.289709942994618
1883,0.644802246947545
1884,0.185080278375537
1885,0.9329997654306065
1886,0.16426263994115375
1887,0.8981473614239632
1888,0.9282619793152256
1889,0.9269918626236302
1890,0.06897373807381495
1891,0.8818436833555603
1892,0.638008715844936
1893,0.7356764291458031
1894,0.1601595886475768
1895,0.36414640963949474
1896,0.8458744602682349
1897,0.9400938989437072
1898,0.8067609683488229
1899,0.8512351000203042
1900,0.08834131149113399
1901,0.9637749116805924
1902,0.6349160813495255
1903,0.5322535257085345
1904,0.10718551885505267
1905,0.149013871733955
1906,0.09505591190206392
1907,0.6623574469679978
1908,0.19826479604827285
1909,0.8613218328371482
1910,0.5605088705592127
1911,0.14388085994936758
1912,0.7043461678700778
1913,0.049700935172085396
1914,0.897087722655956
1915,0.9103626505638512
1916,0.4977244899558158
1917,0.2309703839910543
1918,0.1836621372527703
1919,0.656465868602779
1920,0.6817383148348201
1921,0.9663734534884807
1922,0.5388033398851033
1923,0.13008432068660464
1924,0.06056357897440688
1925,0.7249186230346706
1926,0.41330363761797495
1927,0.24070885389867064
1928,0.917223692137955
1929,0.7611063022839757
1930,0.055742989950140584
1931,0.12731556018529538
1932,0.1188684982223813
1933,0.18119587378179175
1934,0.8736264630140291
1935,0.12997009739515036
1936,0.1053623258384543
1937,0.284187537689926
1938,0.9132183499227629
1939,0.4126081441189604
1940,0.8016119875703074
1941,0.9607026758612779
1942,0.9572084912575257
1943,0.7967273408098848
1944,0.40868625874820225
1945,0.10906920286491395
1946,0.17532115176039909
1947,0.6132340328942429
1948,0.6505232835002673
1949,0.17445112321257356
1950,0.6103715291237308
1951,0.9134120584115736
1952,0.074744010447575
1953,0.9439886616931794
1954,0.08508568351728443
1955,0.9316764633587484
1956,0.15990518318287147
1957,0.24480664881948874
1958,0.09881799855889789
1959,0.8494587834237224
1960,0.8896683385327401
1961,0.26034335965089067
1962,0.28048614918276493
1963,0.08781383621114074
1964,0.6975239995203711
1965,0.13066084987402196
1966,0.1275286111610101
1967,0.9426885695835797
1968,0.15106344641477978
1969,0.9327821242744145
1970,0.18665690162229134
1971,0.7540922235118506
1972,0.9786676615060675
1973,0.9751325876716974
1974,0.5860443415080556
1975,0.7036504809382642
1976,0.7810198894329455
1977,0.23304699287607275
1978,0.8035037569510405
1979,0.0903071766876491
1980,0.9174591496392277
1981,0.7931917578677566
1982,0.12965193223513816
1983,0.24899725914447143
1984,0.036163967045895175
1985,0.12890721639985814
1986,0.9181125253273928
1987,0.316252240144367
1988,0.6752512917063214
1989,0.9542442044743086
1990,0.526914872830088
1991,0.2777269383065134
1992,0.9197958193242207
1993,0.8153848733363572
1994,0.11931945922470444
1995,0.09451995005281837
1996,0.9009045921758496
1997,0.8602827143554567
1998,0.9357626763397183
1999,0.5063719103539661
2000,0.7287620118481823
2001,0.26019786649474863
2002,0.9464409352740712
2003,0.49990763919880105
2004,0.9082894155360653
2005,0.8448682585928968
2006,0.3717978850700003
2007,0.07352748069524388
2008,0.8994371352367218
2009,0.0709669657049641
2010,0.08607815193697693
2011,0.2827563721400517
2012,0.39239745060207476
2013,0.6149187809028942
2014,0.7596100495696203
2015,0.8411741728681867
2016,0.8791964247753894
2017,0.3446140435832583
2018,0.5586900361364223
2019,0.7914084047434095
2020,0.8938710127484767
2021,0.21451484852745525
2022,0.8808439015329667
2023,0.40186499749303445
2024,0.5136965591978192
2025,0.33557264469179643
2026,0.04573082669494966
2027,0.06903703064803533
2028,0.22728734249544408
2029,0.35489587898409075
2030,0.2863245305164497
2031,0.5811344556280588
2032,0.8080462228725706
2033,0.32356172222109286
2034,0.0501890112874315
2035,0.7375240752319597
2036,0.956913015599962
2037,0.15362908653045287
2038,0.3458900676510602
2039,0.906478177352211
2040,0.8974608876830714
2041,0.6728719500138116
2042,0.32523844384734807
2043,0.15115000146401875
2044,0.15623519730777227
2045,0.5016762851102462
2046,0.5673839249422037
2047,0.9209161647817768
2048,0.9437185379999319
2049,0.16428100294297462
2050,0.07784556493834253
2051,0.1514094690020454
2052,0.950933131725777
2053,0.9001174012342376
2054,0.3746970987859146
2055,0.5996484237245129
2056,0.7504990640290116
2057,0.7271260983719354
2058,0.881422420858763
2059,0.5410518895627275
2060,0.1577885472793055
2061,0.6188732414625353
2062,0.9034027510064603
2063,0.8017831249772086
2064,0.07825382000664549
2065,0.05106361876725601
2066,0.3976212242097113
2067,0.4774442310823956
2068,0.8492157339038046
2069,0.8464008568446575
2070,0.9322549578952775
2071,0.014636015779883953
2072,0.21355703844085352
2073,0.8464804564706457
2074,0.9499828518730764
2075,0.09489338448590216
2076,0.8670934691381799
2077,0.12311073694937505
2078,0.8880099313223806
2079,0.8434527298521359
2080,0.7413199996030365
2081,0.8885839621692518
2082,0.5882028064767255
2083,0.6844945407082313
2084,0.8976921823016711
2085,0.26499657965749057
2086,0.233442798991074
2087,0.06350906473372392
2088,0.29182552351283325
2089,0.679449949130073
2090,0.2487077815893043
2091,0.09693284793990045
2092,0.6846409024502365
2093,0.35739111326601647
2094,0.8731827009131199
2095,0.7187909577350693
2096,0.5777891139485293
2097,0.9569983066567337
2098,0.8445959077222175
2099,0.8709292792675658
2100,0.6654039415884987
2101,0.6013663218991786
2102,0.039288097312935075
2103,0.7104161796010422
2104,0.14240438171056216
2105,0.9367916635269342
2106,0.0565362783061312
2107,0.8353979093722645
2108,0.9229456068547319
2109,0.7585596716258914
2110,0.6518007113293628
2111,0.7445644250533565
2112,0.13398518108902024
2113,0.8124561603644007
2114,0.2350461896089907
2115,0.27169343148624625
2116,0.3471686037768305
2117,0.8683155647127497
2118,0.11171545448395107
2119,0.18291098070482706
2120,0.9226085178323741
2121,0.8827747431059393
2122,0.8093912028384945
2123,0.7433187091402269
2124,0.19881625895830315
2125,0.9177682462899942
2126,0.09558496325201704
2127,0.9338155578670329
2128,0.6127636209695504
2129,0.9434200095097325
2130,0.18936040656395475
2131,0.9127047850216643
2132,0.24468519811484793
2133,0.30575561578658617
2134,0.9208235682308489
2135,0.6859063368033547
2136,0.22376544370571697
2137,0.632480474028296
2138,0.8569109406310568
2139,0.9070198690210776
2140,0.11779068181881637
2141,0.46460748098034543
2142,0.6072077063819774
2143,0.1705384571034354
2144,0.30526129888637976
2145,0.2196228446988639
2146,0.9738365892353593
2147,0.9586329593035459
2148,0.44629729631372766
2149,0.3084536598077397
2150,0.3300521596806811
2151,0.2349812851913926
2152,0.2076796115496948
2153,0.3420844571843616
2154,0.6802006730614543
2155,0.8467440175673886
2156,0.09958536051826851
2157,0.21727013542321316
2158,0.693562185634898
2159,0.5183723364147067
2160,0.8948851464659976
2161,0.926196148788626
2162,0.8627011723363954
2163,0.7861974010198733
2164,0.8820837573658619
2165,0.5209315890525399
2166,0.8065792047154507
2167,0.889949446800618
2168,0.09045972261390167
2169,0.08543582651395126
2170,0.7951997588013012
2171,0.4836386771046722
2172,0.9532617768961577
2173,0.2623473924598727
2174,0.04761398807863483
2175,0.06579163504345657
2176,0.8476899958883195
2177,0.21142537777858061
2178,0.19670639709421853
2179,0.7141563604082597
2180,0.8275810448232604
2181,0.7616644607164879
2182,0.22444879864057263
2183,0.7547852307884041
2184,0.09031615560168277
2185,0.5035021669639267
2186,0.32138572786941855
2187,0.06278309517283641
2188,0.9058471189616706
2189,0.20660858314283803
2190,0.5433138191272446
2191,0.19584263292958903
2192,0.5743161188380016
2193,0.8566911218423903
2194,0.7662096672319956
2195,0.19164230446072286
2196,0.49992074487365695
2197,0.267761832037391
2198,0.18305462039348178
2199,0.9059489389969666
2200,0.6881406308297564
2201,0.8934635080020149
2202,0.8856814292448805
2203,0.20275810410687264
2204,0.922798509687124
2205,0.10442625167373779
2206,0.3812557674791887
2207,0.27050123888717564
2208,0.9101996489473685
2209,0.13304205785831946
2210,0.06784308107343394
2211,0.8836786651388712
2212,0.7345036920246135
2213,0.9043642619052793
2214,0.5148048263238852
2215,0.970586173851237
2216,0.7184342152449874
2217,0.8719466188191346
2218,0.35276378377264417
2219,0.8257847178073923
2220,0.9097022689481181
2221,0.16029718957509115
2222,0.7753349188219204
2223,0.8488815613406792
2224,0.07771825493708524
2225,0.07082193572461157
2226,0.3823078028578437
2227,0.6469012806017082
2228,0.7944808957081798
2229,0.07232438454931567
2230,0.7387429217611452
2231,0.6917515975022899
2232,0.025387227664153633
2233,0.92570132363133
2234,0.23880662451639006
2235,0.08651103703619795
2236,0.050642853042939036
2237,0.12304437090737189
2238,0.2795625268279631
2239,0.9359272497885509
2240,0.2444297766383725
2241,0.8074477340989503
2242,0.9391216513682649
2243,0.3910979918374227
2244,0.916319466832896
2245,0.8277040914815172
2246,0.34597502049295825
2247,0.5583023405893113
2248,0.9112464241421822
2249,0.7184890283993043
2250,0.6608647769825372
2251,0.4462009063463727
2252,0.17182703587324696
2253,0.37195983107467023
2254,0.8300496512425736
2255,0.6367998286509147
2256,0.5634927534018593
2257,0.10636117323091498
2258,0.7269444589412798
2259,0.6554830181134742
2260,0.8291977600478405
2261,0.8917111005173178
2262,0.1269125600414553
2263,0.18104345206335742
2264,0.25279407302257895
2265,0.9140537633900293
2266,0.91316373252788
2267,0.8724806940045887
2268,0.8433768047661435
2269,0.057156066491922834
2270,0.21880227807831532
2271,0.957492558170852
2272,0.3310793603110713
2273,0.5788913101164761
2274,0.49588375065573354
2275,0.7259027464322424
2276,0.899318754102531
2277,0.1505644144762246
2278,0.7705588970660477
2279,0.3335803128009745
2280,0.12482478511469118
2281,0.10811960353091304
2282,0.23895998900267723
2283,0.3278539239386031
2284,0.2763328589360999
2285,0.08738363309201136
2286,0.7708659897191764
2287,0.04854235787656139
2288,0.8924962384776667
2289,0.8352863053506604
2290,0.935444129790409
2291,0.937194075685225
2292,0.15070694432204887
2293,0.9517053573534193
2294,0.8983097199513798
2295,0.8693687127727536
2296,0.06742970604140332
2297,0.6890783480975665
2298,0.6755547234479801
2299,0.32688701063360986
2300,0.9740726723519171
2301,0.10755671765363217
2302,0.971952495116134
2303,0.8371280072826206
2304,0.8186353974731332
2305,0.713322069765701
2306,0.7354098890227204
2307,0.6984404588241967
2308,0.09286115128638593
2309,0.8963233347228375
2310,0.824508096175129
2311,0.04145813339162827
2312,0.752619410094137
2313,0.9437273131314857
2314,0.9476311138994332
2315,0.4981073749813153
2316,0.5040910201950559
2317,0.03151619769432468
2318,0.6371729811752547
2319,0.9195783693668264
2320,0.3612929423479398
2321,0.9265389466932468
2322,0.8103539731222272
2323,0.16861316205753824
2324,0.9261720408971007
2325,0.09199823440789934
2326,0.7477740773812028
2327,0.7915204383148957
2328,0.798342691351517
2329,0.3282128935188238
2330,0.2915806006208126
2331,0.26607625899158227
2332,0.23258573104353666
2333,0.7077700761419163
2334,0.020956934609724406
2335,0.6602002617263096
2336,0.9368745857684041
2337,0.22900435725759194
2338,0.7218566080328239
2339,0.3442131570158843
2340,0.8917111005173178
2341,0.8698695411574613
2342,0.8932450199324402
2343,0.9106775177413328
2344,0.46358266590387875
2345,0.8755077681597851
2346,0.8072944481534202
2347,0.45111283909381056
2348,0.6102265547176867
2349,0.22906433311442154
2350,0.12195863424117559
2351,0.5490787305240596
2352,0.1780881806280404
2353,0.041110638739273946
2354,0.21419931517894472
2355,0.20872542000186467
2356,0.06421476519166776
2357,0.8438634738838068
2358,0.25410980365022123
2359,0.9130031342799358
2360,0.7891371830585439
2361,0.8063373488859866
2362,0.11547142501167387
2363,0.9128110424612812
2364,0.12791983279367325
2365,0.2131680387157004
2366,0.8358304522755898
2367,0.7410004610907356
2368,0.27352727723040615
2369,0.9164875878564966
2370,0.7938675488800261
2371,0.8372582396196605
2372,0.9594460970923383
2373,0.14936831507834666
2374,0.4316029147751382
2375,0.3914890876803962
2376,0.8380279988530345
2377,0.09583552777410405
2378,0.10784303487664919
2379,0.0793522562244482
2380,0.9009434276710906
2381,0.10552254073053609
2382,0.3065499084202256
2383,0.8363604430692055
2384,0.5139121700720983
2385,0.15594567488361386
2386,0.7110103782473699
2387,0.8234797013943651
2388,0.3154090881920688
2389,0.8854360493038747
2390,0.8873305940749453
2391,0.9033432129841198
2392,0.15933534999014723
2393,0.9454452356571473
2394,0.9450141828959242
2395,0.05865119778495896
2396,0.9401415544825077
2397,0.04931219210654188
2398,0.052022439810629956
2399,0.7989080398349937
2400,0.8346769129439646
2401,0.687843488588962
2402,0.6253233144396896
2403,0.2709571564030964
2404,0.7492620222817832
2405,0.8374724573758897
2406,0.9601202392242517
2407,0.5512354187600482
2408,0.9259050131177434
2409,0.9579940685082926
2410,0.7116799857295897
2411,0.974430122795068
2412,0.5160812142644517
2413,0.8623093771480255
2414,0.1759110650937923
2415,0.16935736857723127
2416,0.658030366494872
2417,0.5505940729148258
2418,0.7331453150329933
2419,0.061338368304350424
2420,0.4672433183005103
2421,0.07430388448233748
2422,0.12660109616522694
2423,0.5108727324590946
2424,0.9844390416608433
2425,0.1512812152336207
2426,0.7202683487264107
2427,0.10706810000930524
2428,0.9124202103946208
2429,0.7967353770303692
2430,0.9157395472395716
2431,0.4774305630871438
2432,0.1393994614644401
2433,0.3993139930541397
2434,0.5074837455705311
2435,0.1803903818176892
2436,0.7854168103868401
2437,0.06188426680477365
2438,0.21221906666738566
2439,0.8854225871821986
2440,0.8761156308580546
2441,0.9338509598985225
2442,0.0906484191138723
2443,0.04336059106174956
2444,0.7043146322637022
2445,0.8654769941817959
2446,0.5356682590580967
2447,0.8471204801828924
2448,0.06723672352979976
2449,0.692319046043224
2450,0.16037631914769837
2451,0.38696079102160963
2452,0.507970090720534
2453,0.15421840745147203
2454,0.8809969598180195
2455,0.04443628291196368
2456,0.16463703200378504
2457,0.848217701909404
2458,0.17171435644671532
2459,0.15747792310245173
2460,0.9522735831912685
2461,0.6456277835183781
2462,0.878936359797443
2463,0.9397718540826717
2464,0.9579090780198818
2465,0.30924732690584517
2466,0.8741524605449869
2467,0.8656606699703934
2468,0.14081465440413488
2469,0.5744315786904984
2470,0.08002143169454187
2471,0.9400649093397622
2472,0.7394402477969426
2473,0.7338121144533767
2474,0.3040915460486996
2475,0.24456949527135605
2476,0.9416577360262962
2477,0.13218713137381985
2478,0.11047908400186268
2479,0.8618625767771816
2480,0.8934146584776345
2481,0.1283052420403069
2482,0.7466899302398604
2483,0.09987494679320523
2484,0.29253084244651095
2485,0.5788288187730499
2486,0.970632089028329
2487,0.046165050504988335
2488,0.44822928013052016
2489,0.9128110424612812
2490,0.4961257791251349
2491,0.869303367749718
2492,0.9645497538049814
2493,0.9353859152637268
2494,0.2918608108128667
2495,0.7260361631589953
2496,0.14852143162276427
2497,0.5248179074830934
2498,0.05052241399170941
2499,0.8901110420359817
2500,0.796207651734722
2501,0.16678662552739176
